date,country,D,H,I,M,S
2021-04-02,Afghanistan,0,37,0,0,0
2021-04-02,Japan,0,121,0,0,0
2021-04-02,Sweden,0,9,0,0,0
2021-04-03,Afghanistan,0,29,8,0,0
2021-04-03,Japan,0,102,19,0,0
2021-04-03,Sweden,0,7,2,0,0
2021-04-04,Afghanistan,0,27,10,0,0
2021-04-04,Japan,0,73,48,0,0
2021-04-04,Sweden,0,5,4,0,0
2021-04-05,Afghanistan,0,24,13,0,0
2021-04-05,Japan,0,58,63,0,0
2021-04-05,Sweden,0,5,4,0,0
2021-04-06,Afghanistan,0,20,17,0,0
2021-04-06,Japan,0,44,77,0,0
2021-04-06,Sweden,0,5,4,0,0
2021-04-07,Afghanistan,0,20,9,6,2
2021-04-07,Japan,0,32,70,6,13
2021-04-07,Sweden,0,4,3,0,2
2021-04-08,Afghanistan,0,19,8,8,2
2021-04-08,Japan,0,21,52,23,25
2021-04-08,Sweden,0,3,2,0,4
2021-04-09,Afghanistan,0,17,7,10,3
2021-04-09,Japan,0,16,42,29,34
2021-04-09,Sweden,0,0,5,0,4
2021-04-10,Afghanistan,0,15,5,11,6
2021-04-10,Japan,0,11,33,37,40
2021-04-10,Sweden,0,0,5,0,4
2021-04-11,Afghanistan,0,14,6,11,6
2021-04-11,Japan,0,8,24,44,45
2021-04-11,Sweden,0,0,4,0,5
2021-04-12,Afghanistan,0,13,6,12,6
2021-04-12,Japan,0,7,14,48,52
2021-04-12,Sweden,0,0,3,1,5
2021-04-13,Afghanistan,0,9,8,13,7
2021-04-13,Japan,0,6,10,51,54
2021-04-13,Sweden,0,0,0,3,6
2021-04-14,Afghanistan,0,6,9,14,8
2021-04-14,Japan,0,6,5,53,57
2021-04-14,Sweden,0,0,0,3,6
2021-04-15,Afghanistan,0,4,10,15,8
2021-04-15,Japan,0,6,2,54,59
2021-04-15,Sweden,0,0,0,3,6
2021-04-16,Afghanistan,0,4,9,15,9
2021-04-16,Japan,0,6,1,54,60
2021-04-16,Sweden,0,0,0,3,6
2021-04-17,Afghanistan,0,4,5,18,10
2021-04-17,Japan,0,5,1,54,61
2021-04-17,Sweden,0,0,0,3,6
2021-04-18,Afghanistan,0,3,3,19,12
2021-04-18,Japan,0,4,2,54,61
2021-04-18,Sweden,0,0,0,3,6
2021-04-19,Afghanistan,0,3,1,21,12
2021-04-19,Japan,0,4,2,54,61
2021-04-19,Sweden,0,0,0,3,6
2021-04-20,Afghanistan,0,3,1,21,12
2021-04-20,Japan,0,3,3,54,61
2021-04-20,Sweden,0,0,0,3,6
2021-04-21,Afghanistan,0,3,1,23,10
2021-04-21,Japan,3,3,2,65,48
2021-04-21,Sweden,0,0,0,5,4
2021-04-22,Afghanistan,0,3,0,24,10
2021-04-22,Japan,5,3,1,75,37
2021-04-22,Sweden,0,0,0,7,2
2021-04-23,Afghanistan,1,3,0,24,9
2021-04-23,Japan,7,3,1,82,28
2021-04-23,Sweden,0,0,0,7,2
2021-04-24,Afghanistan,1,3,0,27,6
2021-04-24,Japan,8,3,0,88,22
2021-04-24,Sweden,0,0,0,7,2
2021-04-25,Afghanistan,1,3,0,27,6
2021-04-25,Japan,10,3,0,91,17
2021-04-25,Sweden,0,0,0,8,1
2021-04-26,Afghanistan,1,2,1,27,6
2021-04-26,Japan,12,3,0,96,10
2021-04-26,Sweden,0,0,0,8,1
2021-04-27,Afghanistan,2,2,1,27,5
2021-04-27,Japan,13,3,0,97,8
2021-04-27,Sweden,1,0,0,8,0
2021-04-28,Afghanistan,2,2,1,28,4
2021-04-28,Japan,13,3,0,100,5
2021-04-28,Sweden,1,0,0,8,0
2021-04-29,Afghanistan,2,1,2,28,4
2021-04-29,Japan,13,2,1,102,3
2021-04-29,Sweden,1,0,0,8,0
2021-04-30,Afghanistan,2,0,2,30,3
2021-04-30,Japan,13,2,1,103,2
2021-04-30,Sweden,1,0,0,8,0
2021-05-01,Afghanistan,2,0,2,31,2
2021-05-01,Japan,13,2,1,104,1
2021-05-01,Sweden,1,0,0,8,0
2021-05-02,Afghanistan,2,0,2,33,0
2021-05-02,Japan,13,2,1,104,1
2021-05-02,Sweden,1,0,0,8,0
2021-05-03,Afghanistan,2,0,1,33,1
2021-05-03,Japan,13,2,0,104,2
2021-05-03,Sweden,1,0,0,8,0
2021-05-04,Afghanistan,2,0,0,33,2
2021-05-04,Japan,13,2,0,104,2
2021-05-04,Sweden,1,0,0,8,0
2021-05-05,Afghanistan,2,0,0,33,2
2021-05-05,Japan,13,1,1,104,2
2021-05-05,Sweden,1,0,0,8,0
2021-05-06,Afghanistan,2,0,0,33,2
2021-05-06,Japan,13,1,1,105,1
2021-05-06,Sweden,1,0,0,8,0
2021-05-07,Afghanistan,2,0,0,33,2
2021-05-07,Japan,13,1,1,105,1
2021-05-07,Sweden,1,0,0,8,0
2021-05-08,Afghanistan,2,0,0,33,2
2021-05-08,Japan,13,1,1,105,1
2021-05-08,Sweden,1,0,0,8,0
2021-05-09,Afghanistan,2,0,0,33,2
2021-05-09,Japan,13,1,0,106,1
2021-05-09,Sweden,1,0,0,8,0
2021-05-10,Afghanistan,2,0,0,33,2
2021-05-10,Japan,13,1,0,106,1
2021-05-10,Sweden,1,0,0,8,0
2021-05-11,Afghanistan,2,0,0,33,2
2021-05-11,Japan,13,1,0,106,1
2021-05-11,Sweden,1,0,0,8,0
2021-05-12,Afghanistan,2,0,0,33,2
2021-05-12,Japan,13,1,0,106,1
2021-05-12,Sweden,1,0,0,8,0
2021-05-13,Afghanistan,2,0,0,33,2
2021-05-13,Japan,13,1,0,106,1
2021-05-13,Sweden,1,0,0,8,0
2021-05-14,Afghanistan,2,0,0,33,2
2021-05-14,Japan,13,1,0,106,1
2021-05-14,Sweden,1,0,0,8,0
2021-05-15,Afghanistan,2,0,0,33,2
2021-05-15,Japan,13,1,0,106,1
2021-05-15,Sweden,1,0,0,8,0
2021-05-16,Afghanistan,2,0,0,33,2
2021-05-16,Japan,13,1,0,106,1
2021-05-16,Sweden,1,0,0,8,0
2021-05-17,Afghanistan,2,0,0,34,1
2021-05-17,Japan,13,1,0,107,0
2021-05-17,Sweden,1,0,0,8,0
2021-05-18,Afghanistan,2,0,0,35,0
2021-05-18,Japan,13,1,0,107,0
2021-05-18,Sweden,1,0,0,8,0
2021-05-19,Afghanistan,2,0,0,35,0
2021-05-19,Japan,13,1,0,107,0
2021-05-19,Sweden,1,0,0,8,0
2021-05-20,Afghanistan,2,0,0,35,0
2021-05-20,Japan,13,1,0,107,0
2021-05-20,Sweden,1,0,0,8,0
2021-05-21,Afghanistan,2,0,0,35,0
2021-05-21,Japan,13,1,0,107,0
2021-05-21,Sweden,1,0,0,8,0
2021-05-22,Afghanistan,2,0,0,35,0
2021-05-22,Japan,13,0,1,107,0
2021-05-22,Sweden,1,0,0,8,0
2021-05-23,Afghanistan,2,0,0,35,0
2021-05-23,Japan,13,0,1,107,0
2021-05-23,Sweden,1,0,0,8,0
2021-05-24,Afghanistan,2,0,0,35,0
2021-05-24,Japan,13,0,1,107,0
2021-05-24,Sweden,1,0,0,8,0
2021-05-25,Afghanistan,2,0,0,35,0
2021-05-25,Japan,13,0,1,107,0
2021-05-25,Sweden,1,0,0,8,0
2021-05-26,Afghanistan,2,0,0,35,0
2021-05-26,Japan,13,0,0,108,0
2021-05-26,Sweden,1,0,0,8,0
2021-05-27,Afghanistan,2,0,0,35,0
2021-05-27,Japan,13,0,0,108,0
2021-05-27,Sweden,1,0,0,8,0
2021-05-28,Afghanistan,2,0,0,35,0
2021-05-28,Japan,13,0,0,108,0
2021-05-28,Sweden,1,0,0,8,0
2021-05-29,Afghanistan,2,0,0,35,0
2021-05-29,Japan,13,0,0,108,0
2021-05-29,Sweden,1,0,0,8,0
2021-05-30,Afghanistan,2,0,0,35,0
2021-05-30,Japan,13,0,0,108,0
2021-05-30,Sweden,1,0,0,8,0
2021-05-31,Afghanistan,2,0,0,35,0
2021-05-31,Japan,13,0,0,108,0
2021-05-31,Sweden,1,0,0,8,0
2021-06-01,Afghanistan,2,0,0,35,0
2021-06-01,Japan,13,0,0,108,0
2021-06-01,Sweden,1,0,0,8,0
2021-06-02,Afghanistan,2,0,0,35,0
2021-06-02,Japan,13,0,0,108,0
2021-06-02,Sweden,1,0,0,8,0
2021-06-03,Afghanistan,2,0,0,35,0
2021-06-03,Japan,13,0,0,108,0
2021-06-03,Sweden,1,0,0,8,0
2021-06-04,Afghanistan,2,0,0,35,0
2021-06-04,Japan,13,0,0,108,0
2021-06-04,Sweden,1,0,0,8,0
2021-06-05,Afghanistan,2,0,0,35,0
2021-06-05,Japan,13,0,0,108,0
2021-06-05,Sweden,1,0,0,8,0
2021-06-06,Afghanistan,2,0,0,35,0
2021-06-06,Japan,13,0,0,108,0
2021-06-06,Sweden,1,0,0,8,0
2021-06-07,Afghanistan,2,0,0,35,0
2021-06-07,Japan,13,0,0,108,0
2021-06-07,Sweden,1,0,0,8,0
2021-06-08,Afghanistan,2,0,0,35,0
2021-06-08,Japan,13,0,0,108,0
2021-06-08,Sweden,1,0,0,8,0
2021-06-09,Afghanistan,2,0,0,35,0
2021-06-09,Japan,13,0,0,108,0
2021-06-09,Sweden,1,0,0,8,0
2021-06-10,Afghanistan,2,0,0,35,0
2021-06-10,Japan,13,0,0,108,0
2021-06-10,Sweden,1,0,0,8,0
2021-06-11,Afghanistan,2,0,0,35,0
2021-06-11,Japan,13,0,0,108,0
2021-06-11,Sweden,1,0,0,8,0
2021-06-12,Afghanistan,2,0,0,35,0
2021-06-12,Japan,13,0,0,108,0
2021-06-12,Sweden,1,0,0,8,0
2021-06-13,Afghanistan,2,0,0,35,0
2021-06-13,Japan,13,0,0,108,0
2021-06-13,Sweden,1,0,0,8,0
2021-06-14,Afghanistan,2,0,0,35,0
2021-06-14,Japan,13,0,0,108,0
2021-06-14,Sweden,1,0,0,8,0
2021-06-15,Afghanistan,2,0,0,35,0
2021-06-15,Japan,13,0,0,108,0
2021-06-15,Sweden,1,0,0,8,0
2021-06-16,Afghanistan,2,0,0,35,0
2021-06-16,Japan,13,0,0,108,0
2021-06-16,Sweden,1,0,0,8,0
2021-06-17,Afghanistan,2,0,0,35,0
2021-06-17,Japan,13,0,0,108,0
2021-06-17,Sweden,1,0,0,8,0
2021-06-18,Afghanistan,2,0,0,35,0
2021-06-18,Japan,13,0,0,108,0
2021-06-18,Sweden,1,0,0,8,0
2021-06-19,Afghanistan,2,0,0,35,0
2021-06-19,Japan,13,0,0,108,0
2021-06-19,Sweden,1,0,0,8,0
2021-06-20,Afghanistan,2,0,0,35,0
2021-06-20,Japan,13,0,0,108,0
2021-06-20,Sweden,1,0,0,8,0
2021-06-21,Afghanistan,2,0,0,35,0
2021-06-21,Japan,13,0,0,108,0
2021-06-21,Sweden,1,0,0,8,0
2021-06-22,Afghanistan,2,0,0,35,0
2021-06-22,Japan,13,0,0,108,0
2021-06-22,Sweden,1,0,0,8,0
2021-06-23,Afghanistan,2,0,0,35,0
2021-06-23,Japan,13,0,0,108,0
2021-06-23,Sweden,1,0,0,8,0
2021-06-24,Afghanistan,2,0,0,35,0
2021-06-24,Japan,13,0,0,108,0
2021-06-24,Sweden,1,0,0,8,0
2021-06-25,Afghanistan,2,0,0,35,0
2021-06-25,Japan,13,0,0,108,0
2021-06-25,Sweden,1,0,0,8,0
2021-06-26,Afghanistan,2,0,0,35,0
2021-06-26,Japan,13,0,0,108,0
2021-06-26,Sweden,1,0,0,8,0
2021-06-27,Afghanistan,2,0,0,35,0
2021-06-27,Japan,13,0,0,108,0
2021-06-27,Sweden,1,0,0,8,0
2021-06-28,Afghanistan,2,0,0,35,0
2021-06-28,Japan,13,0,0,108,0
2021-06-28,Sweden,1,0,0,8,0
2021-06-29,Afghanistan,2,0,0,35,0
2021-06-29,Japan,13,0,0,108,0
2021-06-29,Sweden,1,0,0,8,0
2021-06-30,Afghanistan,2,0,0,35,0
2021-06-30,Japan,13,0,0,108,0
2021-06-30,Sweden,1,0,0,8,0
2021-07-01,Afghanistan,2,0,0,35,0
2021-07-01,Japan,13,0,0,108,0
2021-07-01,Sweden,1,0,0,8,0
2021-07-02,Afghanistan,2,0,0,35,0
2021-07-02,Japan,13,0,0,108,0
2021-07-02,Sweden,1,0,0,8,0
2021-07-03,Afghanistan,2,0,0,35,0
2021-07-03,Japan,13,0,0,108,0
2021-07-03,Sweden,1,0,0,8,0
2021-07-04,Afghanistan,2,0,0,35,0
2021-07-04,Japan,13,0,0,108,0
2021-07-04,Sweden,1,0,0,8,0
2021-07-05,Afghanistan,2,0,0,35,0
2021-07-05,Japan,13,0,0,108,0
2021-07-05,Sweden,1,0,0,8,0
2021-07-06,Afghanistan,2,0,0,35,0
2021-07-06,Japan,13,0,0,108,0
2021-07-06,Sweden,1,0,0,8,0
2021-07-07,Afghanistan,2,0,0,35,0
2021-07-07,Japan,13,0,0,108,0
2021-07-07,Sweden,1,0,0,8,0
2021-07-08,Afghanistan,2,0,0,35,0
2021-07-08,Japan,13,0,0,108,0
2021-07-08,Sweden,1,0,0,8,0
2021-07-09,Afghanistan,2,0,0,35,0
2021-07-09,Japan,13,0,0,108,0
2021-07-09,Sweden,1,0,0,8,0
2021-07-10,Afghanistan,2,0,0,35,0
2021-07-10,Japan,13,0,0,108,0
2021-07-10,Sweden,1,0,0,8,0
2021-07-11,Afghanistan,2,0,0,35,0
2021-07-11,Japan,13,0,0,108,0
2021-07-11,Sweden,1,0,0,8,0
2021-07-12,Afghanistan,2,0,0,35,0
2021-07-12,Japan,13,0,0,108,0
2021-07-12,Sweden,1,0,0,8,0
2021-07-13,Afghanistan,2,0,0,35,0
2021-07-13,Japan,13,0,0,108,0
2021-07-13,Sweden,1,0,0,8,0
2021-07-14,Afghanistan,2,0,0,35,0
2021-07-14,Japan,13,0,0,108,0
2021-07-14,Sweden,1,0,0,8,0
2021-07-15,Afghanistan,2,0,0,35,0
2021-07-15,Japan,13,0,0,108,0
2021-07-15,Sweden,1,0,0,8,0
2021-07-16,Afghanistan,2,0,0,35,0
2021-07-16,Japan,13,0,0,108,0
2021-07-16,Sweden,1,0,0,8,0
2021-07-17,Afghanistan,2,0,0,35,0
2021-07-17,Japan,13,0,0,108,0
2021-07-17,Sweden,1,0,0,8,0
2021-07-18,Afghanistan,2,0,0,35,0
2021-07-18,Japan,13,0,0,108,0
2021-07-18,Sweden,1,0,0,8,0
2021-07-19,Afghanistan,2,0,0,35,0
2021-07-19,Japan,13,0,0,108,0
2021-07-19,Sweden,1,0,0,8,0
2021-07-20,Afghanistan,2,0,0,35,0
2021-07-20,Japan,13,0,0,108,0
2021-07-20,Sweden,1,0,0,8,0
2021-07-21,Afghanistan,2,0,0,35,0
2021-07-21,Japan,13,0,0,108,0
2021-07-21,Sweden,1,0,0,8,0
2021-07-22,Afghanistan,2,0,0,35,0
2021-07-22,Japan,13,0,0,108,0
2021-07-22,Sweden,1,0,0,8,0
2021-07-23,Afghanistan,2,0,0,35,0
2021-07-23,Japan,13,0,0,108,0
2021-07-23,Sweden,1,0,0,8,0
2021-07-24,Afghanistan,2,0,0,35,0
2021-07-24,Japan,13,0,0,108,0
2021-07-24,Sweden,1,0,0,8,0
2021-07-25,Afghanistan,2,0,0,35,0
2021-07-25,Japan,13,0,0,108,0
2021-07-25,Sweden,1,0,0,8,0
2021-07-26,Afghanistan,2,0,0,35,0
2021-07-26,Japan,13,0,0,108,0
2021-07-26,Sweden,1,0,0,8,0
2021-07-27,Afghanistan,2,0,0,35,0
2021-07-27,Japan,13,0,0,108,0
2021-07-27,Sweden,1,0,0,8,0
2021-07-28,Afghanistan,2,0,0,35,0
2021-07-28,Japan,13,0,0,108,0
2021-07-28,Sweden,1,0,0,8,0
2021-07-29,Afghanistan,2,0,0,35,0
2021-07-29,Japan,13,0,0,108,0
2021-07-29,Sweden,1,0,0,8,0
2021-07-30,Afghanistan,2,0,0,35,0
2021-07-30,Japan,13,0,0,108,0
2021-07-30,Sweden,1,0,0,8,0
2021-07-31,Afghanistan,2,0,0,35,0
2021-07-31,Japan,13,0,0,108,0
2021-07-31,Sweden,1,0,0,8,0
2021-08-01,Afghanistan,2,0,0,35,0
2021-08-01,Japan,13,0,0,108,0
2021-08-01,Sweden,1,0,0,8,0
2021-08-02,Afghanistan,2,0,0,35,0
2021-08-02,Japan,13,0,0,108,0
2021-08-02,Sweden,1,0,0,8,0
2021-08-03,Afghanistan,2,0,0,35,0
2021-08-03,Japan,13,0,0,108,0
2021-08-03,Sweden,1,0,0,8,0
2021-08-04,Afghanistan,2,0,0,35,0
2021-08-04,Japan,13,0,0,108,0
2021-08-04,Sweden,1,0,0,8,0
2021-08-05,Afghanistan,2,6,0,29,0
2021-08-05,Japan,13,6,0,102,0
2021-08-05,Sweden,1,0,0,8,0
2021-08-06,Afghanistan,2,6,2,27,0
2021-08-06,Japan,13,23,0,85,0
2021-08-06,Sweden,1,0,0,8,0
2021-08-07,Afghanistan,2,4,6,25,0
2021-08-07,Japan,13,25,4,79,0
2021-08-07,Sweden,1,0,0,8,0
2021-08-08,Afghanistan,2,4,7,24,0
2021-08-08,Japan,13,23,14,71,0
2021-08-08,Sweden,1,0,0,8,0
2021-08-09,Afghanistan,2,2,9,24,0
2021-08-09,Japan,13,23,21,64,0
2021-08-09,Sweden,1,0,0,8,0
2021-08-10,Afghanistan,2,3,7,23,2
2021-08-10,Japan,13,17,31,60,0
2021-08-10,Sweden,1,1,0,7,0
2021-08-11,Afghanistan,2,4,3,26,2
2021-08-11,Japan,13,11,36,59,2
2021-08-11,Sweden,1,3,0,5,0
2021-08-12,Afghanistan,2,5,2,26,2
2021-08-12,Japan,13,12,27,61,8
2021-08-12,Sweden,1,3,0,5,0
2021-08-13,Afghanistan,2,5,1,25,4
2021-08-13,Japan,13,8,25,62,13
2021-08-13,Sweden,1,3,0,5,0
2021-08-14,Afghanistan,2,3,3,25,4
2021-08-14,Japan,13,6,17,70,15
2021-08-14,Sweden,1,3,0,5,0
2021-08-15,Afghanistan,2,4,5,22,4
2021-08-15,Japan,13,3,11,75,19
2021-08-15,Sweden,1,2,1,5,0
2021-08-16,Afghanistan,2,5,5,21,4
2021-08-16,Japan,13,2,11,75,20
2021-08-16,Sweden,1,1,2,5,0
2021-08-17,Afghanistan,2,6,5,20,4
2021-08-17,Japan,13,2,6,78,22
2021-08-17,Sweden,1,1,2,5,0
2021-08-18,Afghanistan,2,4,5,20,6
2021-08-18,Japan,13,1,5,80,22
2021-08-18,Sweden,1,1,2,5,0
2021-08-19,Afghanistan,2,6,3,18,8
2021-08-19,Japan,13,12,2,70,24
2021-08-19,Sweden,1,3,1,3,1
2021-08-20,Afghanistan,2,6,4,17,8
2021-08-20,Japan,13,20,3,60,25
2021-08-20,Sweden,1,3,2,2,1
2021-08-21,Afghanistan,2,4,5,18,8
2021-08-21,Japan,13,20,10,53,25
2021-08-21,Sweden,1,3,2,2,1
2021-08-22,Afghanistan,2,7,3,16,9
2021-08-22,Japan,13,19,16,48,25
2021-08-22,Sweden,1,3,2,2,1
2021-08-23,Afghanistan,2,5,5,16,9
2021-08-23,Japan,13,15,23,45,25
2021-08-23,Sweden,1,3,3,1,1
2021-08-24,Afghanistan,3,5,4,18,7
2021-08-24,Japan,13,14,27,42,25
2021-08-24,Sweden,1,2,2,1,3
2021-08-25,Afghanistan,3,3,4,19,8
2021-08-25,Japan,13,11,24,44,29
2021-08-25,Sweden,1,1,3,1,3
2021-08-26,Afghanistan,3,4,4,18,8
2021-08-26,Japan,14,14,17,49,27
2021-08-26,Sweden,1,1,3,1,3
2021-08-27,Afghanistan,4,3,3,19,8
2021-08-27,Japan,14,13,13,55,26
2021-08-27,Sweden,1,0,3,1,4
2021-08-28,Afghanistan,4,5,3,17,8
2021-08-28,Japan,15,10,11,55,30
2021-08-28,Sweden,1,0,2,1,5
2021-08-29,Afghanistan,4,6,1,17,9
2021-08-29,Japan,15,9,9,60,28
2021-08-29,Sweden,1,0,1,1,6
2021-08-30,Afghanistan,4,8,1,15,9
2021-08-30,Japan,15,6,12,61,27
2021-08-30,Sweden,1,0,1,1,6
2021-08-31,Afghanistan,4,7,1,16,9
2021-08-31,Japan,15,4,11,66,25
2021-08-31,Sweden,1,0,0,2,6
2021-09-01,Afghanistan,5,6,2,17,7
2021-09-01,Japan,15,3,8,69,26
2021-09-01,Sweden,1,0,0,2,6
2021-09-02,Afghanistan,5,4,4,19,5
2021-09-02,Japan,15,2,7,73,24
2021-09-02,Sweden,1,0,0,3,5
2021-09-03,Afghanistan,5,4,4,19,5
2021-09-03,Japan,15,3,4,74,25
2021-09-03,Sweden,1,0,0,3,5
2021-09-04,Afghanistan,5,3,4,20,5
2021-09-04,Japan,15,2,3,74,27
2021-09-04,Sweden,1,0,0,3,5
2021-09-05,Afghanistan,5,3,3,22,4
2021-09-05,Japan,15,2,2,75,27
2021-09-05,Sweden,1,0,0,3,5
2021-09-06,Afghanistan,5,3,1,23,5
2021-09-06,Japan,15,3,1,74,28
2021-09-06,Sweden,1,0,0,3,5
2021-09-07,Afghanistan,5,2,2,23,5
2021-09-07,Japan,15,2,2,74,28
2021-09-07,Sweden,1,0,0,5,3
2021-09-08,Afghanistan,5,1,2,24,5
2021-09-08,Japan,18,2,1,77,23
2021-09-08,Sweden,1,0,0,5,3
2021-09-09,Afghanistan,5,1,2,24,5
2021-09-09,Japan,19,2,1,80,19
2021-09-09,Sweden,1,0,0,5,3
2021-09-10,Afghanistan,5,1,2,26,3
2021-09-10,Japan,20,2,1,83,15
2021-09-10,Sweden,1,0,0,6,2
2021-09-11,Afghanistan,5,1,1,26,4
2021-09-11,Japan,21,2,0,89,9
2021-09-11,Sweden,1,0,0,7,1
2021-09-12,Afghanistan,5,1,0,27,4
2021-09-12,Japan,21,2,0,91,7
2021-09-12,Sweden,1,0,0,8,0
2021-09-13,Afghanistan,5,1,0,27,4
2021-09-13,Japan,21,2,0,91,7
2021-09-13,Sweden,1,0,0,8,0
2021-09-14,Afghanistan,5,2,0,26,4
2021-09-14,Japan,21,2,1,90,7
2021-09-14,Sweden,1,0,0,8,0
2021-09-15,Afghanistan,5,3,0,25,4
2021-09-15,Japan,21,2,1,91,6
2021-09-15,Sweden,1,0,0,8,0
2021-09-16,Afghanistan,5,3,0,25,4
2021-09-16,Japan,21,1,2,91,6
2021-09-16,Sweden,1,0,0,8,0
2021-09-17,Afghanistan,5,3,0,25,4
2021-09-17,Japan,22,1,2,92,4
2021-09-17,Sweden,1,0,0,8,0
2021-09-18,Afghanistan,5,3,0,25,4
2021-09-18,Japan,23,1,1,94,2
2021-09-18,Sweden,1,0,0,8,0
2021-09-19,Afghanistan,5,2,1,25,4
2021-09-19,Japan,23,1,1,94,2
2021-09-19,Sweden,1,0,0,8,0
2021-09-20,Afghanistan,5,2,1,26,3
2021-09-20,Japan,23,1,0,96,1
2021-09-20,Sweden,1,0,0,8,0
2021-09-21,Afghanistan,5,2,1,26,3
2021-09-21,Japan,23,1,0,96,1
2021-09-21,Sweden,1,0,0,8,0
2021-09-22,Afghanistan,5,2,1,27,2
2021-09-22,Japan,23,1,0,97,0
2021-09-22,Sweden,1,0,0,8,0
2021-09-23,Afghanistan,5,2,0,28,2
2021-09-23,Japan,23,2,0,96,0
2021-09-23,Sweden,1,0,0,8,0
2021-09-24,Afghanistan,5,2,0,28,2
2021-09-24,Japan,23,2,0,96,0
2021-09-24,Sweden,1,0,0,8,0
2021-09-25,Afghanistan,5,2,0,29,1
2021-09-25,Japan,23,1,1,96,0
2021-09-25,Sweden,1,0,0,8,0
2021-09-26,Afghanistan,5,2,0,30,0
2021-09-26,Japan,23,1,1,96,0
2021-09-26,Sweden,1,0,0,8,0
2021-09-27,Afghanistan,5,2,0,30,0
2021-09-27,Japan,23,1,1,96,0
2021-09-27,Sweden,1,0,0,8,0
2021-09-28,Afghanistan,5,2,0,30,0
2021-09-28,Japan,23,1,1,96,0
2021-09-28,Sweden,1,0,0,8,0
2021-09-29,Afghanistan,5,2,0,30,0
2021-09-29,Japan,23,1,0,96,1
2021-09-29,Sweden,1,0,0,8,0
2021-09-30,Afghanistan,5,2,0,30,0
2021-09-30,Japan,23,1,0,96,1
2021-09-30,Sweden,1,0,0,8,0
2021-10-01,Afghanistan,5,2,0,30,0
2021-10-01,Japan,23,1,0,96,1
2021-10-01,Sweden,1,0,0,8,0
2021-10-02,Afghanistan,5,2,0,30,0
2021-10-02,Japan,23,1,0,96,1
2021-10-02,Sweden,1,0,0,8,0
2021-10-03,Afghanistan,5,2,0,30,0
2021-10-03,Japan,23,1,0,96,1
2021-10-03,Sweden,1,0,0,8,0
2021-10-04,Afghanistan,5,2,0,30,0
2021-10-04,Japan,23,1,0,96,1
2021-10-04,Sweden,1,0,0,8,0
2021-10-05,Afghanistan,5,2,0,30,0
2021-10-05,Japan,23,1,0,96,1
2021-10-05,Sweden,1,0,0,8,0
2021-10-06,Afghanistan,5,2,0,30,0
2021-10-06,Japan,23,1,0,96,1
2021-10-06,Sweden,1,0,0,8,0
2021-10-07,Afghanistan,5,2,0,30,0
2021-10-07,Japan,23,1,0,96,1
2021-10-07,Sweden,1,0,0,8,0
2021-10-08,Afghanistan,5,2,0,30,0
2021-10-08,Japan,23,1,0,96,1
2021-10-08,Sweden,1,0,0,8,0
2021-10-09,Afghanistan,5,2,0,30,0
2021-10-09,Japan,23,1,0,96,1
2021-10-09,Sweden,1,0,0,8,0
2021-10-10,Afghanistan,5,2,0,30,0
2021-10-10,Japan,23,1,0,96,1
2021-10-10,Sweden,1,0,0,8,0
2021-10-11,Afghanistan,5,1,1,30,0
2021-10-11,Japan,23,0,1,96,1
2021-10-11,Sweden,1,0,0,8,0
2021-10-12,Afghanistan,5,1,1,30,0
2021-10-12,Japan,23,0,1,96,1
2021-10-12,Sweden,1,0,0,8,0
2021-10-13,Afghanistan,5,1,1,30,0
2021-10-13,Japan,23,0,1,97,0
2021-10-13,Sweden,1,0,0,8,0
2021-10-14,Afghanistan,5,1,1,30,0
2021-10-14,Japan,23,0,1,97,0
2021-10-14,Sweden,1,0,0,8,0
2021-10-15,Afghanistan,5,0,1,31,0
2021-10-15,Japan,23,0,0,98,0
2021-10-15,Sweden,1,0,0,8,0
2021-10-16,Afghanistan,5,0,1,31,0
2021-10-16,Japan,23,0,0,98,0
2021-10-16,Sweden,1,0,0,8,0
2021-10-17,Afghanistan,5,0,1,31,0
2021-10-17,Japan,23,0,0,98,0
2021-10-17,Sweden,1,0,0,8,0
2021-10-18,Afghanistan,5,0,1,31,0
2021-10-18,Japan,23,0,0,98,0
2021-10-18,Sweden,1,0,0,8,0
2021-10-19,Afghanistan,5,0,0,31,1
2021-10-19,Japan,23,0,0,98,0
2021-10-19,Sweden,1,0,0,8,0
2021-10-20,Afghanistan,5,0,0,31,1
2021-10-20,Japan,23,0,0,98,0
2021-10-20,Sweden,1,0,0,8,0
2021-10-21,Afghanistan,5,0,0,31,1
2021-10-21,Japan,23,0,0,98,0
2021-10-21,Sweden,1,0,0,8,0
2021-10-22,Afghanistan,5,0,0,31,1
2021-10-22,Japan,23,0,0,98,0
2021-10-22,Sweden,1,0,0,8,0
2021-10-23,Afghanistan,5,0,0,31,1
2021-10-23,Japan,23,0,0,98,0
2021-10-23,Sweden,1,0,0,8,0
2021-10-24,Afghanistan,5,0,0,31,1
2021-10-24,Japan,23,0,0,98,0
2021-10-24,Sweden,1,0,0,8,0
2021-10-25,Afghanistan,5,0,0,31,1
2021-10-25,Japan,23,0,0,98,0
2021-10-25,Sweden,1,0,0,8,0
2021-10-26,Afghanistan,5,0,0,31,1
2021-10-26,Japan,23,0,0,98,0
2021-10-26,Sweden,1,0,0,8,0
2021-10-27,Afghanistan,5,0,0,31,1
2021-10-27,Japan,23,0,0,98,0
2021-10-27,Sweden,1,0,0,8,0
2021-10-28,Afghanistan,5,0,0,31,1
2021-10-28,Japan,23,0,0,98,0
2021-10-28,Sweden,1,0,0,8,0
2021-10-29,Afghanistan,5,0,0,31,1
2021-10-29,Japan,23,0,0,98,0
2021-10-29,Sweden,1,0,0,8,0
2021-10-30,Afghanistan,5,0,0,31,1
2021-10-30,Japan,23,0,0,98,0
2021-10-30,Sweden,1,0,0,8,0
2021-10-31,Afghanistan,5,0,0,31,1
2021-10-31,Japan,23,0,0,98,0
2021-10-31,Sweden,1,0,0,8,0
2021-11-01,Afghanistan,5,0,0,31,1
2021-11-01,Japan,23,0,0,98,0
2021-11-01,Sweden,1,0,0,8,0
2021-11-02,Afghanistan,5,0,0,32,0
2021-11-02,Japan,23,0,0,98,0
2021-11-02,Sweden,1,0,0,8,0
2021-11-03,Afghanistan,5,0,0,32,0
2021-11-03,Japan,23,0,0,98,0
2021-11-03,Sweden,1,0,0,8,0
2021-11-04,Afghanistan,5,0,0,32,0
2021-11-04,Japan,23,0,0,98,0
2021-11-04,Sweden,1,0,0,8,0
2021-11-05,Afghanistan,5,0,0,32,0
2021-11-05,Japan,23,0,0,98,0
2021-11-05,Sweden,1,0,0,8,0
2021-11-06,Afghanistan,5,0,0,32,0
2021-11-06,Japan,23,0,0,98,0
2021-11-06,Sweden,1,0,0,8,0
2021-11-07,Afghanistan,5,0,0,32,0
2021-11-07,Japan,23,0,0,98,0
2021-11-07,Sweden,1,0,0,8,0
2021-11-08,Afghanistan,5,0,0,32,0
2021-11-08,Japan,23,0,0,98,0
2021-11-08,Sweden,1,0,0,8,0
2021-11-09,Afghanistan,5,0,0,32,0
2021-11-09,Japan,23,0,0,98,0
2021-11-09,Sweden,1,0,0,8,0
2021-11-10,Afghanistan,5,0,0,32,0
2021-11-10,Japan,23,0,0,98,0
2021-11-10,Sweden,1,0,0,8,0
2021-11-11,Afghanistan,5,0,0,32,0
2021-11-11,Japan,23,0,0,98,0
2021-11-11,Sweden,1,0,0,8,0
2021-11-12,Afghanistan,5,0,0,32,0
2021-11-12,Japan,23,0,0,98,0
2021-11-12,Sweden,1,0,0,8,0
2021-11-13,Afghanistan,5,0,0,32,0
2021-11-13,Japan,23,0,0,98,0
2021-11-13,Sweden,1,0,0,8,0
2021-11-14,Afghanistan,5,0,0,32,0
2021-11-14,Japan,23,0,0,98,0
2021-11-14,Sweden,1,0,0,8,0
2021-11-15,Afghanistan,5,0,0,32,0
2021-11-15,Japan,23,0,0,98,0
2021-11-15,Sweden,1,0,0,8,0
2021-11-16,Afghanistan,5,0,0,32,0
2021-11-16,Japan,23,0,0,98,0
2021-11-16,Sweden,1,0,0,8,0
2021-11-17,Afghanistan,5,0,0,32,0
2021-11-17,Japan,23,0,0,98,0
2021-11-17,Sweden,1,0,0,8,0
2021-11-18,Afghanistan,5,0,0,32,0
2021-11-18,Japan,23,0,0,98,0
2021-11-18,Sweden,1,0,0,8,0
2021-11-19,Afghanistan,5,0,0,32,0
2021-11-19,Japan,23,0,0,98,0
2021-11-19,Sweden,1,0,0,8,0
2021-11-20,Afghanistan,5,0,0,32,0
2021-11-20,Japan,23,0,0,98,0
2021-11-20,Sweden,1,0,0,8,0
2021-11-21,Afghanistan,5,0,0,32,0
2021-11-21,Japan,23,0,0,98,0
2021-11-21,Sweden,1,0,0,8,0
2021-11-22,Afghanistan,5,0,0,32,0
2021-11-22,Japan,23,0,0,98,0
2021-11-22,Sweden,1,0,0,8,0
2021-11-23,Afghanistan,5,0,0,32,0
2021-11-23,Japan,23,0,0,98,0
2021-11-23,Sweden,1,0,0,8,0
2021-11-24,Afghanistan,5,0,0,32,0
2021-11-24,Japan,23,0,0,98,0
2021-11-24,Sweden,1,0,0,8,0
2021-11-25,Afghanistan,5,0,0,32,0
2021-11-25,Japan,23,0,0,98,0
2021-11-25,Sweden,1,0,0,8,0
2021-11-26,Afghanistan,5,0,0,32,0
2021-11-26,Japan,23,0,0,98,0
2021-11-26,Sweden,1,0,0,8,0
2021-11-27,Afghanistan,5,0,0,32,0
2021-11-27,Japan,23,0,0,98,0
2021-11-27,Sweden,1,0,0,8,0
2021-11-28,Afghanistan,5,0,0,32,0
2021-11-28,Japan,23,0,0,98,0
2021-11-28,Sweden,1,0,0,8,0
2021-11-29,Afghanistan,5,0,0,32,0
2021-11-29,Japan,23,0,0,98,0
2021-11-29,Sweden,1,0,0,8,0
2021-11-30,Afghanistan,5,0,0,32,0
2021-11-30,Japan,23,0,0,98,0
2021-11-30,Sweden,1,0,0,8,0
2021-12-01,Afghanistan,5,0,0,32,0
2021-12-01,Japan,23,0,0,98,0
2021-12-01,Sweden,1,0,0,8,0
2021-12-02,Afghanistan,5,0,0,32,0
2021-12-02,Japan,23,0,0,98,0
2021-12-02,Sweden,1,0,0,8,0
2021-12-03,Afghanistan,5,0,0,32,0
2021-12-03,Japan,23,0,0,98,0
2021-12-03,Sweden,1,0,0,8,0
2021-12-04,Afghanistan,5,0,0,32,0
2021-12-04,Japan,23,0,0,98,0
2021-12-04,Sweden,1,0,0,8,0
2021-12-05,Afghanistan,5,0,0,32,0
2021-12-05,Japan,23,0,0,98,0
2021-12-05,Sweden,1,0,0,8,0
2021-12-06,Afghanistan,5,0,0,32,0
2021-12-06,Japan,23,0,0,98,0
2021-12-06,Sweden,1,0,0,8,0
2021-12-07,Afghanistan,5,0,0,32,0
2021-12-07,Japan,23,0,0,98,0
2021-12-07,Sweden,1,0,0,8,0
2021-12-08,Afghanistan,5,0,0,32,0
2021-12-08,Japan,23,0,0,98,0
2021-12-08,Sweden,1,0,0,8,0
2021-12-09,Afghanistan,5,4,0,28,0
2021-12-09,Japan,23,2,0,96,0
2021-12-09,Sweden,1,0,0,8,0
2021-12-10,Afghanistan,5,4,1,27,0
2021-12-10,Japan,23,6,0,92,0
2021-12-10,Sweden,1,0,0,8,0
2021-12-11,Afghanistan,5,4,1,27,0
2021-12-11,Japan,23,5,3,90,0
2021-12-11,Sweden,1,0,0,8,0
2021-12-12,Afghanistan,5,2,3,27,0
2021-12-12,Japan,23,12,4,82,0
2021-12-12,Sweden,1,0,0,8,0
2021-12-13,Afghanistan,5,1,4,27,0
2021-12-13,Japan,23,15,6,77,0
2021-12-13,Sweden,1,0,0,8,0
2021-12-14,Afghanistan,5,1,3,28,0
2021-12-14,Japan,23,11,10,77,0
2021-12-14,Sweden,1,0,0,8,0
2021-12-15,Afghanistan,5,1,4,27,0
2021-12-15,Japan,23,11,10,76,1
2021-12-15,Sweden,1,0,0,8,0
2021-12-16,Afghanistan,5,0,3,29,0
2021-12-16,Japan,23,11,11,74,2
2021-12-16,Sweden,1,0,0,8,0
2021-12-17,Afghanistan,5,0,2,30,0
2021-12-17,Japan,23,9,12,74,3
2021-12-17,Sweden,1,0,0,8,0
2021-12-18,Afghanistan,5,0,2,30,0
2021-12-18,Japan,23,7,10,78,3
2021-12-18,Sweden,1,1,0,7,0
2021-12-19,Afghanistan,5,1,1,29,1
2021-12-19,Japan,23,6,8,79,5
2021-12-19,Sweden,1,1,0,7,0
2021-12-20,Afghanistan,5,2,0,28,2
2021-12-20,Japan,23,6,7,80,5
2021-12-20,Sweden,1,1,0,7,0
2021-12-21,Afghanistan,5,2,0,28,2
2021-12-21,Japan,23,4,6,82,6
2021-12-21,Sweden,1,1,0,7,0
2021-12-22,Afghanistan,5,2,2,26,2
2021-12-22,Japan,23,6,4,82,6
2021-12-22,Sweden,1,1,0,7,0
2021-12-23,Afghanistan,5,2,3,25,2
2021-12-23,Japan,23,7,5,80,6
2021-12-23,Sweden,1,1,0,7,0
2021-12-24,Afghanistan,5,2,3,25,2
2021-12-24,Japan,23,14,5,72,7
2021-12-24,Sweden,1,1,0,7,0
2021-12-25,Afghanistan,5,3,3,24,2
2021-12-25,Japan,23,17,8,64,9
2021-12-25,Sweden,1,1,0,7,0
2021-12-26,Afghanistan,5,2,2,25,3
2021-12-26,Japan,23,11,15,63,9
2021-12-26,Sweden,1,0,1,7,0
2021-12-27,Afghanistan,5,2,2,25,3
2021-12-27,Japan,23,13,17,58,10
2021-12-27,Sweden,1,0,1,7,0
2021-12-28,Afghanistan,5,1,3,25,3
2021-12-28,Japan,23,11,19,57,11
2021-12-28,Sweden,1,0,1,7,0
2021-12-29,Afghanistan,5,2,3,24,3
2021-12-29,Japan,23,14,16,57,11
2021-12-29,Sweden,1,1,1,6,0
2021-12-30,Afghanistan,5,3,2,24,3
2021-12-30,Japan,24,13,13,59,12
2021-12-30,Sweden,1,1,0,7,0
2021-12-31,Afghanistan,5,4,2,22,4
2021-12-31,Japan,25,12,14,58,12
2021-12-31,Sweden,1,2,0,6,0
2022-01-01,Afghanistan,5,2,3,22,5
2022-01-01,Japan,25,10,15,57,14
2022-01-01,Sweden,1,2,0,6,0
2022-01-02,Afghanistan,6,3,3,21,4
2022-01-02,Japan,25,8,15,61,12
2022-01-02,Sweden,1,2,0,6,0
2022-01-03,Afghanistan,6,5,3,20,3
2022-01-03,Japan,25,7,13,62,14
2022-01-03,Sweden,1,1,1,6,0
2022-01-04,Afghanistan,6,4,4,20,3
2022-01-04,Japan,25,4,11,68,13
2022-01-04,Sweden,1,0,2,6,0
2022-01-05,Afghanistan,6,3,3,21,4
2022-01-05,Japan,25,4,7,71,14
2022-01-05,Sweden,1,2,2,4,0
2022-01-06,Afghanistan,6,4,3,20,4
2022-01-06,Japan,25,7,5,70,14
2022-01-06,Sweden,1,2,2,4,0
2022-01-07,Afghanistan,6,4,3,20,4
2022-01-07,Japan,25,8,5,70,13
2022-01-07,Sweden,1,1,2,4,1
2022-01-08,Afghanistan,6,5,2,19,5
2022-01-08,Japan,25,10,3,70,13
2022-01-08,Sweden,1,2,1,3,2
2022-01-09,Afghanistan,6,2,4,20,5
2022-01-09,Japan,25,14,5,64,13
2022-01-09,Sweden,1,3,1,2,2
2022-01-10,Afghanistan,6,3,4,19,5
2022-01-10,Japan,25,15,6,63,12
2022-01-10,Sweden,1,3,2,1,2
2022-01-11,Afghanistan,6,1,6,19,5
2022-01-11,Japan,26,12,7,64,12
2022-01-11,Sweden,1,2,2,2,2
2022-01-12,Afghanistan,6,1,5,19,6
2022-01-12,Japan,27,11,7,64,12
2022-01-12,Sweden,1,1,3,2,2
2022-01-13,Afghanistan,6,1,2,21,7
2022-01-13,Japan,27,11,6,66,11
2022-01-13,Sweden,1,1,3,2,2
2022-01-14,Afghanistan,6,0,3,22,6
2022-01-14,Japan,27,8,8,67,11
2022-01-14,Sweden,1,1,2,3,2
2022-01-15,Afghanistan,6,0,1,24,6
2022-01-15,Japan,27,9,5,70,10
2022-01-15,Sweden,1,0,2,3,3
2022-01-16,Afghanistan,6,0,1,24,6
2022-01-16,Japan,27,10,5,68,11
2022-01-16,Sweden,1,0,1,3,4
2022-01-17,Afghanistan,6,0,1,24,6
2022-01-17,Japan,28,10,4,69,10
2022-01-17,Sweden,1,0,1,3,4
2022-01-18,Afghanistan,6,1,0,23,7
2022-01-18,Japan,28,8,5,68,12
2022-01-18,Sweden,1,0,1,3,4
2022-01-19,Afghanistan,6,1,0,24,6
2022-01-19,Japan,28,7,6,69,11
2022-01-19,Sweden,1,0,0,4,4
2022-01-20,Afghanistan,6,2,0,23,6
2022-01-20,Japan,28,7,6,69,11
2022-01-20,Sweden,1,0,0,4,4
2022-01-21,Afghanistan,6,3,0,22,6
2022-01-21,Japan,28,5,8,69,11
2022-01-21,Sweden,1,0,0,5,3
2022-01-22,Afghanistan,6,3,0,23,5
2022-01-22,Japan,28,4,5,73,11
2022-01-22,Sweden,1,0,0,6,2
2022-01-23,Afghanistan,6,4,0,23,4
2022-01-23,Japan,28,3,5,74,11
2022-01-23,Sweden,1,0,0,6,2
2022-01-24,Afghanistan,6,5,0,22,4
2022-01-24,Japan,28,3,4,75,11
2022-01-24,Sweden,1,0,0,6,2
2022-01-25,Afghanistan,6,2,3,22,4
2022-01-25,Japan,28,2,3,76,12
2022-01-25,Sweden,1,0,0,6,2
2022-01-26,Afghanistan,6,2,3,23,3
2022-01-26,Japan,28,2,2,78,11
2022-01-26,Sweden,1,0,0,6,2
2022-01-27,Afghanistan,6,2,3,24,2
2022-01-27,Japan,28,2,1,79,11
2022-01-27,Sweden,1,0,0,6,2
2022-01-28,Afghanistan,6,2,3,24,2
2022-01-28,Japan,28,2,1,80,10
2022-01-28,Sweden,1,0,0,6,2
2022-01-29,Afghanistan,6,2,0,27,2
2022-01-29,Japan,29,2,0,80,10
2022-01-29,Sweden,2,0,0,6,1
2022-01-30,Afghanistan,6,2,0,27,2
2022-01-30,Japan,30,2,0,80,9
2022-01-30,Sweden,2,0,0,7,0
2022-01-31,Afghanistan,6,2,0,27,2
2022-01-31,Japan,30,1,1,81,8
2022-01-31,Sweden,2,0,0,7,0
2022-02-01,Afghanistan,6,2,0,28,1
2022-02-01,Japan,31,1,1,82,6
2022-02-01,Sweden,2,0,0,7,0
2022-02-02,Afghanistan,6,2,0,28,1
2022-02-02,Japan,31,1,1,82,6
2022-02-02,Sweden,2,0,0,7,0
2022-02-03,Afghanistan,6,1,1,28,1
2022-02-03,Japan,31,1,1,82,6
2022-02-03,Sweden,2,0,0,7,0
2022-02-04,Afghanistan,6,1,1,28,1
2022-02-04,Japan,31,1,0,82,7
2022-02-04,Sweden,2,0,0,7,0
2022-02-05,Afghanistan,6,1,1,28,1
2022-02-05,Japan,31,1,0,84,5
2022-02-05,Sweden,2,0,0,7,0
2022-02-06,Afghanistan,6,1,1,28,1
2022-02-06,Japan,31,1,0,84,5
2022-02-06,Sweden,2,0,0,7,0
2022-02-07,Afghanistan,6,1,0,28,2
2022-02-07,Japan,31,1,0,84,5
2022-02-07,Sweden,2,0,0,7,0
2022-02-08,Afghanistan,6,1,0,28,2
2022-02-08,Japan,32,0,1,85,3
2022-02-08,Sweden,2,0,0,7,0
2022-02-09,Afghanistan,6,1,0,28,2
2022-02-09,Japan,32,0,1,85,3
2022-02-09,Sweden,2,0,0,7,0
2022-02-10,Afghanistan,6,1,0,28,2
2022-02-10,Japan,32,1,1,85,2
2022-02-10,Sweden,2,0,0,7,0
2022-02-11,Afghanistan,6,1,0,28,2
2022-02-11,Japan,32,1,1,85,2
2022-02-11,Sweden,2,0,0,7,0
2022-02-12,Afghanistan,6,2,0,28,1
2022-02-12,Japan,32,2,0,85,2
2022-02-12,Sweden,2,0,0,7,0
2022-02-13,Afghanistan,6,2,0,28,1
2022-02-13,Japan,32,2,0,85,2
2022-02-13,Sweden,2,0,0,7,0
2022-02-14,Afghanistan,6,2,0,28,1
2022-02-14,Japan,32,2,0,85,2
2022-02-14,Sweden,2,0,0,7,0
2022-02-15,Afghanistan,6,2,0,28,1
2022-02-15,Japan,32,1,1,85,2
2022-02-15,Sweden,2,0,0,7,0
2022-02-16,Afghanistan,6,2,0,28,1
2022-02-16,Japan,32,1,1,85,2
2022-02-16,Sweden,2,0,0,7,0
2022-02-17,Afghanistan,6,2,0,28,1
2022-02-17,Japan,32,1,1,85,2
2022-02-17,Sweden,2,0,0,7,0
2022-02-18,Afghanistan,6,2,0,28,1
2022-02-18,Japan,32,1,1,86,1
2022-02-18,Sweden,2,0,0,7,0
2022-02-19,Afghanistan,6,1,1,28,1
2022-02-19,Japan,32,0,1,87,1
2022-02-19,Sweden,2,0,0,7,0
2022-02-20,Afghanistan,6,1,1,28,1
2022-02-20,Japan,32,0,1,87,1
2022-02-20,Sweden,2,0,0,7,0
2022-02-21,Afghanistan,6,1,1,29,0
2022-02-21,Japan,32,0,1,87,1
2022-02-21,Sweden,2,0,0,7,0
2022-02-22,Afghanistan,6,1,1,29,0
2022-02-22,Japan,32,0,1,87,1
2022-02-22,Sweden,2,0,0,7,0
2022-02-23,Afghanistan,6,1,0,30,0
2022-02-23,Japan,32,0,0,88,1
2022-02-23,Sweden,2,0,0,7,0
2022-02-24,Afghanistan,6,1,0,30,0
2022-02-24,Japan,32,0,0,88,1
2022-02-24,Sweden,2,0,0,7,0
2022-02-25,Afghanistan,6,1,0,30,0
2022-02-25,Japan,32,0,0,88,1
2022-02-25,Sweden,2,0,0,7,0
2022-02-26,Afghanistan,6,1,0,30,0
2022-02-26,Japan,32,0,0,89,0
2022-02-26,Sweden,2,0,0,7,0
2022-02-27,Afghanistan,6,1,0,30,0
2022-02-27,Japan,32,0,0,89,0
2022-02-27,Sweden,2,0,0,7,0
2022-02-28,Afghanistan,6,1,0,30,0
2022-02-28,Japan,32,0,0,89,0
2022-02-28,Sweden,2,0,0,7,0
2022-03-01,Afghanistan,6,0,1,30,0
2022-03-01,Japan,32,0,0,89,0
2022-03-01,Sweden,2,0,0,7,0
2022-03-02,Afghanistan,6,1,1,29,0
2022-03-02,Japan,32,0,0,89,0
2022-03-02,Sweden,2,0,0,7,0
2022-03-03,Afghanistan,6,1,1,29,0
2022-03-03,Japan,32,0,0,89,0
2022-03-03,Sweden,2,0,0,7,0
2022-03-04,Afghanistan,6,1,1,29,0
2022-03-04,Japan,32,0,0,89,0
2022-03-04,Sweden,2,0,0,7,0
2022-03-05,Afghanistan,6,1,0,29,1
2022-03-05,Japan,32,0,0,89,0
2022-03-05,Sweden,2,0,0,7,0
2022-03-06,Afghanistan,6,0,1,29,1
2022-03-06,Japan,32,0,0,89,0
2022-03-06,Sweden,2,0,0,7,0
2022-03-07,Afghanistan,6,0,1,29,1
2022-03-07,Japan,32,0,0,89,0
2022-03-07,Sweden,2,0,0,7,0
2022-03-08,Afghanistan,6,0,1,29,1
2022-03-08,Japan,32,0,0,89,0
2022-03-08,Sweden,2,0,0,7,0
2022-03-09,Afghanistan,6,0,1,29,1
2022-03-09,Japan,32,0,0,89,0
2022-03-09,Sweden,2,0,0,7,0
2022-03-10,Afghanistan,6,0,0,29,2
2022-03-10,Japan,32,0,0,89,0
2022-03-10,Sweden,2,0,0,7,0
2022-03-11,Afghanistan,6,0,0,29,2
2022-03-11,Japan,32,0,0,89,0
2022-03-11,Sweden,2,0,0,7,0
2022-03-12,Afghanistan,6,0,0,29,2
2022-03-12,Japan,32,0,0,89,0
2022-03-12,Sweden,2,0,0,7,0
2022-03-13,Afghanistan,6,0,0,29,2
2022-03-13,Japan,32,0,0,89,0
2022-03-13,Sweden,2,0,0,7,0
2022-03-14,Afghanistan,6,0,0,29,2
2022-03-14,Japan,32,0,0,89,0
2022-03-14,Sweden,2,0,0,7,0
2022-03-15,Afghanistan,6,0,0,29,2
2022-03-15,Japan,32,0,0,89,0
2022-03-15,Sweden,2,0,0,7,0
2022-03-16,Afghanistan,6,0,0,29,2
2022-03-16,Japan,32,0,0,89,0
2022-03-16,Sweden,2,0,0,7,0
2022-03-17,Afghanistan,6,0,0,29,2
2022-03-17,Japan,32,0,0,89,0
2022-03-17,Sweden,2,0,0,7,0
2022-03-18,Afghanistan,6,0,0,29,2
2022-03-18,Japan,32,0,0,89,0
2022-03-18,Sweden,2,0,0,7,0
2022-03-19,Afghanistan,6,0,0,30,1
2022-03-19,Japan,32,0,0,89,0
2022-03-19,Sweden,2,0,0,7,0
2022-03-20,Afghanistan,6,0,0,30,1
2022-03-20,Japan,32,0,0,89,0
2022-03-20,Sweden,2,0,0,7,0
2022-03-21,Afghanistan,6,0,0,30,1
2022-03-21,Japan,32,0,0,89,0
2022-03-21,Sweden,2,0,0,7,0
2022-03-22,Afghanistan,6,0,0,30,1
2022-03-22,Japan,32,0,0,89,0
2022-03-22,Sweden,2,0,0,7,0
2022-03-23,Afghanistan,6,0,0,30,1
2022-03-23,Japan,32,0,0,89,0
2022-03-23,Sweden,2,0,0,7,0
2022-03-24,Afghanistan,6,0,0,31,0
2022-03-24,Japan,32,0,0,89,0
2022-03-24,Sweden,2,0,0,7,0
2022-03-25,Afghanistan,6,0,0,31,0
2022-03-25,Japan,32,0,0,89,0
2022-03-25,Sweden,2,0,0,7,0
2022-03-26,Afghanistan,6,0,0,31,0
2022-03-26,Japan,32,0,0,89,0
2022-03-26,Sweden,2,0,0,7,0
2022-03-27,Afghanistan,6,0,0,31,0
2022-03-27,Japan,32,0,0,89,0
2022-03-27,Sweden,2,0,0,7,0
2022-03-28,Afghanistan,6,0,0,31,0
2022-03-28,Japan,32,0,0,89,0
2022-03-28,Sweden,2,0,0,7,0
2022-03-29,Afghanistan,6,0,0,31,0
2022-03-29,Japan,32,0,0,89,0
2022-03-29,Sweden,2,0,0,7,0
2022-03-30,Afghanistan,6,0,0,31,0
2022-03-30,Japan,32,0,0,89,0
2022-03-30,Sweden,2,0,0,7,0
2022-03-31,Afghanistan,6,0,0,31,0
2022-03-31,Japan,32,0,0,89,0
2022-03-31,Sweden,2,0,0,7,0
2022-04-01,Afghanistan,6,0,0,31,0
2022-04-01,Japan,32,0,0,89,0
2022-04-01,Sweden,2,0,0,7,0
2022-04-02,Afghanistan,6,0,0,31,0
2022-04-02,Japan,32,0,0,89,0
2022-04-02,Sweden,2,0,0,7,0
2022-04-03,Afghanistan,6,0,0,31,0
2022-04-03,Japan,32,0,0,89,0
2022-04-03,Sweden,2,0,0,7,0
2022-04-04,Afghanistan,6,0,0,31,0
2022-04-04,Japan,32,0,0,89,0
2022-04-04,Sweden,2,0,0,7,0
2022-04-05,Afghanistan,6,0,0,31,0
2022-04-05,Japan,32,0,0,89,0
2022-04-05,Sweden,2,0,0,7,0
2022-04-06,Afghanistan,6,0,0,31,0
2022-04-06,Japan,32,0,0,89,0
2022-04-06,Sweden,2,0,0,7,0
2022-04-07,Afghanistan,6,0,0,31,0
2022-04-07,Japan,32,0,0,89,0
2022-04-07,Sweden,2,0,0,7,0
2022-04-08,Afghanistan,6,0,0,31,0
2022-04-08,Japan,32,0,0,89,0
2022-04-08,Sweden,2,0,0,7,0
2022-04-09,Afghanistan,6,0,0,31,0
2022-04-09,Japan,32,0,0,89,0
2022-04-09,Sweden,2,0,0,7,0
2022-04-10,Afghanistan,6,0,0,31,0
2022-04-10,Japan,32,0,0,89,0
2022-04-10,Sweden,2,0,0,7,0
2022-04-11,Afghanistan,6,0,0,31,0
2022-04-11,Japan,32,0,0,89,0
2022-04-11,Sweden,2,0,0,7,0
2022-04-12,Afghanistan,6,0,0,31,0
2022-04-12,Japan,32,0,0,89,0
2022-04-12,Sweden,2,0,0,7,0
2022-04-13,Afghanistan,6,1,0,30,0
2022-04-13,Japan,32,0,0,89,0
2022-04-13,Sweden,2,0,0,7,0
2022-04-14,Afghanistan,6,1,0,30,0
2022-04-14,Japan,32,2,0,87,0
2022-04-14,Sweden,2,0,0,7,0
2022-04-15,Afghanistan,6,3,0,28,0
2022-04-15,Japan,32,1,1,87,0
2022-04-15,Sweden,2,0,0,7,0
2022-04-16,Afghanistan,6,3,1,27,0
2022-04-16,Japan,32,2,1,86,0
2022-04-16,Sweden,2,0,0,7,0
2022-04-17,Afghanistan,6,2,2,27,0
2022-04-17,Japan,32,6,1,82,0
2022-04-17,Sweden,2,0,0,7,0
2022-04-18,Afghanistan,6,2,2,27,0
2022-04-18,Japan,32,7,1,81,0
2022-04-18,Sweden,2,0,0,7,0
2022-04-19,Afghanistan,6,2,2,27,0
2022-04-19,Japan,32,7,2,80,0
2022-04-19,Sweden,2,0,0,7,0
2022-04-20,Afghanistan,6,1,2,27,1
2022-04-20,Japan,32,7,4,78,0
2022-04-20,Sweden,2,0,0,7,0
2022-04-21,Afghanistan,6,1,1,28,1
2022-04-21,Japan,32,5,8,76,0
2022-04-21,Sweden,2,0,0,7,0
2022-04-22,Afghanistan,6,0,2,28,1
2022-04-22,Japan,32,5,9,75,0
2022-04-22,Sweden,2,0,0,7,0
2022-04-23,Afghanistan,6,0,2,28,1
2022-04-23,Japan,32,5,7,76,1
2022-04-23,Sweden,2,0,0,7,0
2022-04-24,Afghanistan,6,0,1,29,1
2022-04-24,Japan,32,4,6,78,1
2022-04-24,Sweden,2,0,0,7,0
2022-04-25,Afghanistan,6,1,1,28,1
2022-04-25,Japan,32,3,3,80,3
2022-04-25,Sweden,2,0,0,7,0
2022-04-26,Afghanistan,6,2,0,28,1
2022-04-26,Japan,32,3,3,80,3
2022-04-26,Sweden,2,0,0,7,0
2022-04-27,Afghanistan,6,1,1,28,1
2022-04-27,Japan,32,2,4,80,3
2022-04-27,Sweden,2,0,0,7,0
2022-04-28,Afghanistan,6,0,2,28,1
2022-04-28,Japan,32,7,3,75,4
2022-04-28,Sweden,2,0,0,7,0
2022-04-29,Afghanistan,6,1,2,27,1
2022-04-29,Japan,32,7,7,70,5
2022-04-29,Sweden,2,1,0,6,0
2022-04-30,Afghanistan,6,1,2,27,1
2022-04-30,Japan,32,6,10,67,6
2022-04-30,Sweden,2,1,0,6,0
2022-05-01,Afghanistan,6,0,2,27,2
2022-05-01,Japan,32,6,10,66,7
2022-05-01,Sweden,2,0,1,6,0
